{"cameraMode":{"drawMode":0,"name":"Shaded","section":"Shading Mode"},"sceneLighting":true,"audioPlay":false,"sceneViewState":{"m_AlwaysRefresh":false,"showFog":true,"showSkybox":true,"showFlares":true,"showImageEffects":true,"showParticleSystems":true,"showVisualEffectGraphs":true,"m_FxEnabled":true},"in2DMode":false,"pivot":{"x":-0.4160008430480957,"y":0.7347827553749085,"z":-7.763101577758789},"rotation":{"x":0.0038659649435430767,"y":0.9030053615570068,"z":-0.008127246983349324,"w":0.42953723669052126},"size":1.8007975816726685,"orthographic":false}